position,Company,Location,URL
Sourcing Manager Network Infrastructure APAC,Twitch,UnitedStates,https://remoteok.com/remote-jobs/112464-remote-sourcing-manager-network-infrastructure-apac-twitch
Front End TypeScript Developer,Ethereum,Worldwide,https://remoteok.com/remote-jobs/111934-remote-front-end-typescript-developer-ethereum
Hands On Engineering Manager,Clevertech,Worldwide,https://remoteok.com/remote-jobs/112119-remote-hands-on-engineering-manager-clevertech
Senior Frontend Developer,Rebilly,Worldwide,https://remoteok.com/remote-jobs/111405-remote-senior-frontend-developer-rebilly
Senior Software Engineer II,Momentive,Canada,https://remoteok.com/remote-jobs/114730-remote-senior-software-engineer-ii-momentive
Senior Frontend Engineer,Rarible,Worldwide,https://remoteok.com/remote-jobs/114725-remote-senior-frontend-engineer-rarible
Senior Full Stack Developer,Commit,Canada,https://remoteok.com/remote-jobs/114277-remote-senior-full-stack-developer-commit
Senior React Developer,Toptal,Worldwide,https://remoteok.com/remote-jobs/111072-remote-senior-react-developer-toptal
Senior React Native Developer,Toptal,Worldwide,https://remoteok.com/remote-jobs/111074-remote-senior-react-native-developer-toptal
React eCommerce Senior Software Engineer,Trellis eCommerce Agency,Worldwide,https://remoteok.com/remote-jobs/113606-remote-react-ecommerce-senior-software-engineer-trellis-ecommerce-agency
Senior Front End Developer,Toptal,Worldwide,https://remoteok.com/remote-jobs/111314-remote-senior-front-end-developer-toptal
Experienced Frontend Developer,Megaverse,Europe,https://remoteok.com/remote-jobs/112011-remote-experienced-frontend-developer-megaverse
Ruby on Rails Developer,lemon.io,Europe,https://remoteok.com/remote-jobs/112296-remote-ruby-on-rails-developer-lemon-io
eDiscovery Specialist,Lyft,UnitedStates,https://remoteok.com/remote-jobs/112802-remote-ediscovery-specialist-lyft
Software Engineer IDL Tools,Lyft,UnitedStates,https://remoteok.com/remote-jobs/112801-remote-software-engineer-idl-tools-lyft
Senior Marketing Program Manager,Lyft,UnitedStates,https://remoteok.com/remote-jobs/112800-remote-senior-marketing-program-manager-lyft
Senior Marketing Specialist,CannonDesign,UnitedStates,https://remoteok.com/remote-jobs/112798-remote-senior-marketing-specialist-cannondesign
Senior Marketing Specialist,CannonDesign,UnitedStates,https://remoteok.com/remote-jobs/112798-remote-senior-marketing-specialist-cannondesign
Front End Developer,Scorpion,70k120k,https://remoteok.com/remote-jobs/112796-remote-front-end-developer-scorpion
React Native Developer,RemoteMore,AmericasOnlyEuropeOnlyAfricaOnly,https://weworkremotely.com/remote-jobs/remotemore-react-native-developer
Senior Full-Stack Developer Experienced in PHP, React and MySQL,OnTheGoSystems,EuropeOnlyUKOnlyAfricaOnly,https://weworkremotely.com/remote-jobs/onthegosystems-senior-full-stack-developer-experienced-in-php-react-and-mysql
Senior Open Source Developer & DevOps (Python, Django, React, AWS/OpenStack),OpenCraft,AnywhereintheWorld,https://weworkremotely.com/remote-jobs/opencraft-senior-open-source-developer-devops-python-django-react-aws-openstack
Senior RoR / React developer for a Mass-Market SaaS Product,OnTheGoSystems,EuropeOnlyUKOnlyEMEAOnlyAfricaOnly,https://weworkremotely.com/remote-jobs/onthegosystems-senior-ror-react-developer-for-a-mass-market-saas-product
Senior Full Stack (Rails/React) Engineer,Brightline Health,USAOnly,https://weworkremotely.com/remote-jobs/brightline-health-senior-full-stack-rails-react-engineer
Full stack Javascript Developer (React.js + Node.js),UpStack Technologies, Inc.,LatinAmericaOnlyEuropeOnly,https://weworkremotely.com/remote-jobs/upstack-technologies-inc-full-stack-javascript-developer-react-js-node-js
Frontend Engineer (ES8/React/Redux/Saga) ,Files.com,USAOnly,https://weworkremotely.com/remote-jobs/files-com-frontend-engineer-es8-react-redux-saga
Senior Rails + React Engineer to help fight evil,Simplero,AnywhereintheWorld,https://weworkremotely.com/remote-jobs/simplero-senior-rails-react-engineer-to-help-fight-evil
JavaScript Developer (React or Vue or Angular.. with Node.js),RemoteMore,AmericasOnlyEuropeOnlyEMEAOnlyAfricaOnly,https://weworkremotely.com/remote-jobs/remotemore-javascript-developer-react-or-vue-or-angular-with-node-js
Principal React Native Developer (Fully Remote, US only),G2i Inc.,USAOnly,https://weworkremotely.com/remote-jobs/g2i-inc-principal-react-native-developer-fully-remote-us-only
Full Stack React Web Developers,silverorange,CanadaOnly,https://weworkremotely.com/remote-jobs/silverorange-full-stack-react-web-developers
Full-stack Developer (React/Node),Lemon.io,LatinAmericaOnlyEuropeOnly,https://weworkremotely.com/remote-jobs/lemon-io-full-stack-developer-react-node-1
Full-Stack / Frontend Engineer - React / Ruby,TimeZest,AnywhereintheWorld,https://weworkremotely.com/remote-jobs/timezest-full-stack-frontend-engineer-react-ruby-1
Lead Golang/React Developer,Innovation Upstream Inc,AnywhereintheWorld,https://weworkremotely.com/remote-jobs/innovation-upstream-inc-lead-golang-react-developer
Ruby on Rails / React Software Engineer,User Interviews,USAOnly,https://weworkremotely.com/remote-jobs/user-interviews-ruby-on-rails-react-software-engineer-2
Senior Engineer: Django + React.js,Credo Health,AnywhereintheWorld,https://weworkremotely.com/remote-jobs/credo-health-senior-engineer-django-react-js
Senior Software Engineer (Rails/React),Circle,AnywhereintheWorld,https://weworkremotely.com/remote-jobs/circle-senior-software-engineer-rails-react-1
